{
  "timestamp": "2025-09-03T12:23:16.843Z",
  "tables_processed": 24,
  "tables_updated": 24,
  "errors": [],
  "changes": [
    {
      "table": "audit_logs",
      "column": "updated_at",
      "action": "added",
      "sql": "ALTER TABLE `audit_logs` ADD COLUMN `updated_at` TIMESTAMP DEFAULT CURRENT_TIMESTAMP ON UPDATE CURRENT_TIMESTAMP"
    },
    {
      "table": "bank_reconciliations",
      "column": "updated_at",
      "action": "added",
      "sql": "ALTER TABLE `bank_reconciliations` ADD COLUMN `updated_at` TIMESTAMP DEFAULT CURRENT_TIMESTAMP ON UPDATE CURRENT_TIMESTAMP"
    },
    {
      "table": "bank_statement_items",
      "column": "updated_at",
      "action": "added",
      "sql": "ALTER TABLE `bank_statement_items` ADD COLUMN `updated_at` TIMESTAMP DEFAULT CURRENT_TIMESTAMP ON UPDATE CURRENT_TIMESTAMP"
    },
    {
      "table": "book_transactions",
      "column": "updated_at",
      "action": "added",
      "sql": "ALTER TABLE `book_transactions` ADD COLUMN `updated_at` TIMESTAMP DEFAULT CURRENT_TIMESTAMP ON UPDATE CURRENT_TIMESTAMP"
    },
    {
      "table": "enrollments_gradelevel_classes",
      "column": "created_at",
      "action": "added",
      "sql": "ALTER TABLE `enrollments_gradelevel_classes` ADD COLUMN `created_at` TIMESTAMP DEFAULT CURRENT_TIMESTAMP"
    },
    {
      "table": "enrollments_gradelevel_classes",
      "column": "updated_at",
      "action": "added",
      "sql": "ALTER TABLE `enrollments_gradelevel_classes` ADD COLUMN `updated_at` TIMESTAMP DEFAULT CURRENT_TIMESTAMP ON UPDATE CURRENT_TIMESTAMP"
    },
    {
      "table": "enrollments_subject_classes",
      "column": "created_at",
      "action": "added",
      "sql": "ALTER TABLE `enrollments_subject_classes` ADD COLUMN `created_at` TIMESTAMP DEFAULT CURRENT_TIMESTAMP"
    },
    {
      "table": "enrollments_subject_classes",
      "column": "updated_at",
      "action": "added",
      "sql": "ALTER TABLE `enrollments_subject_classes` ADD COLUMN `updated_at` TIMESTAMP DEFAULT CURRENT_TIMESTAMP ON UPDATE CURRENT_TIMESTAMP"
    },
    {
      "table": "fee_payments",
      "column": "updated_at",
      "action": "added",
      "sql": "ALTER TABLE `fee_payments` ADD COLUMN `updated_at` TIMESTAMP DEFAULT CURRENT_TIMESTAMP ON UPDATE CURRENT_TIMESTAMP"
    },
    {
      "table": "gradelevel_classes",
      "column": "created_at",
      "action": "added",
      "sql": "ALTER TABLE `gradelevel_classes` ADD COLUMN `created_at` TIMESTAMP DEFAULT CURRENT_TIMESTAMP"
    },
    {
      "table": "gradelevel_classes",
      "column": "updated_at",
      "action": "added",
      "sql": "ALTER TABLE `gradelevel_classes` ADD COLUMN `updated_at` TIMESTAMP DEFAULT CURRENT_TIMESTAMP ON UPDATE CURRENT_TIMESTAMP"
    },
    {
      "table": "guardians",
      "column": "created_at",
      "action": "added",
      "sql": "ALTER TABLE `guardians` ADD COLUMN `created_at` TIMESTAMP DEFAULT CURRENT_TIMESTAMP"
    },
    {
      "table": "guardians",
      "column": "updated_at",
      "action": "added",
      "sql": "ALTER TABLE `guardians` ADD COLUMN `updated_at` TIMESTAMP DEFAULT CURRENT_TIMESTAMP ON UPDATE CURRENT_TIMESTAMP"
    },
    {
      "table": "payroll_run_details",
      "column": "updated_at",
      "action": "added",
      "sql": "ALTER TABLE `payroll_run_details` ADD COLUMN `updated_at` TIMESTAMP DEFAULT CURRENT_TIMESTAMP ON UPDATE CURRENT_TIMESTAMP"
    },
    {
      "table": "payslip_deductions",
      "column": "updated_at",
      "action": "added",
      "sql": "ALTER TABLE `payslip_deductions` ADD COLUMN `updated_at` TIMESTAMP DEFAULT CURRENT_TIMESTAMP ON UPDATE CURRENT_TIMESTAMP"
    },
    {
      "table": "payslip_earnings",
      "column": "updated_at",
      "action": "added",
      "sql": "ALTER TABLE `payslip_earnings` ADD COLUMN `updated_at` TIMESTAMP DEFAULT CURRENT_TIMESTAMP ON UPDATE CURRENT_TIMESTAMP"
    },
    {
      "table": "period_closing_audit",
      "column": "updated_at",
      "action": "added",
      "sql": "ALTER TABLE `period_closing_audit` ADD COLUMN `updated_at` TIMESTAMP DEFAULT CURRENT_TIMESTAMP ON UPDATE CURRENT_TIMESTAMP"
    },
    {
      "table": "period_closing_entries",
      "column": "updated_at",
      "action": "added",
      "sql": "ALTER TABLE `period_closing_entries` ADD COLUMN `updated_at` TIMESTAMP DEFAULT CURRENT_TIMESTAMP ON UPDATE CURRENT_TIMESTAMP"
    },
    {
      "table": "period_opening_balances",
      "column": "updated_at",
      "action": "added",
      "sql": "ALTER TABLE `period_opening_balances` ADD COLUMN `updated_at` TIMESTAMP DEFAULT CURRENT_TIMESTAMP ON UPDATE CURRENT_TIMESTAMP"
    },
    {
      "table": "reconciliation_matches",
      "column": "created_at",
      "action": "added",
      "sql": "ALTER TABLE `reconciliation_matches` ADD COLUMN `created_at` TIMESTAMP DEFAULT CURRENT_TIMESTAMP"
    },
    {
      "table": "reconciliation_matches",
      "column": "updated_at",
      "action": "added",
      "sql": "ALTER TABLE `reconciliation_matches` ADD COLUMN `updated_at` TIMESTAMP DEFAULT CURRENT_TIMESTAMP ON UPDATE CURRENT_TIMESTAMP"
    },
    {
      "table": "stream",
      "column": "created_at",
      "action": "added",
      "sql": "ALTER TABLE `stream` ADD COLUMN `created_at` TIMESTAMP DEFAULT CURRENT_TIMESTAMP"
    },
    {
      "table": "stream",
      "column": "updated_at",
      "action": "added",
      "sql": "ALTER TABLE `stream` ADD COLUMN `updated_at` TIMESTAMP DEFAULT CURRENT_TIMESTAMP ON UPDATE CURRENT_TIMESTAMP"
    },
    {
      "table": "student_transactions",
      "column": "created_at",
      "action": "added",
      "sql": "ALTER TABLE `student_transactions` ADD COLUMN `created_at` TIMESTAMP DEFAULT CURRENT_TIMESTAMP"
    },
    {
      "table": "student_transactions",
      "column": "updated_at",
      "action": "added",
      "sql": "ALTER TABLE `student_transactions` ADD COLUMN `updated_at` TIMESTAMP DEFAULT CURRENT_TIMESTAMP ON UPDATE CURRENT_TIMESTAMP"
    },
    {
      "table": "students",
      "column": "created_at",
      "action": "added",
      "sql": "ALTER TABLE `students` ADD COLUMN `created_at` TIMESTAMP DEFAULT CURRENT_TIMESTAMP"
    },
    {
      "table": "students",
      "column": "updated_at",
      "action": "added",
      "sql": "ALTER TABLE `students` ADD COLUMN `updated_at` TIMESTAMP DEFAULT CURRENT_TIMESTAMP ON UPDATE CURRENT_TIMESTAMP"
    },
    {
      "table": "subject_classes",
      "column": "created_at",
      "action": "added",
      "sql": "ALTER TABLE `subject_classes` ADD COLUMN `created_at` TIMESTAMP DEFAULT CURRENT_TIMESTAMP"
    },
    {
      "table": "subject_classes",
      "column": "updated_at",
      "action": "added",
      "sql": "ALTER TABLE `subject_classes` ADD COLUMN `updated_at` TIMESTAMP DEFAULT CURRENT_TIMESTAMP ON UPDATE CURRENT_TIMESTAMP"
    },
    {
      "table": "subjects",
      "column": "created_at",
      "action": "added",
      "sql": "ALTER TABLE `subjects` ADD COLUMN `created_at` TIMESTAMP DEFAULT CURRENT_TIMESTAMP"
    },
    {
      "table": "subjects",
      "column": "updated_at",
      "action": "added",
      "sql": "ALTER TABLE `subjects` ADD COLUMN `updated_at` TIMESTAMP DEFAULT CURRENT_TIMESTAMP ON UPDATE CURRENT_TIMESTAMP"
    },
    {
      "table": "trial_balance",
      "column": "updated_at",
      "action": "added",
      "sql": "ALTER TABLE `trial_balance` ADD COLUMN `updated_at` TIMESTAMP DEFAULT CURRENT_TIMESTAMP ON UPDATE CURRENT_TIMESTAMP"
    },
    {
      "table": "uniform_payments",
      "column": "updated_at",
      "action": "added",
      "sql": "ALTER TABLE `uniform_payments` ADD COLUMN `updated_at` TIMESTAMP DEFAULT CURRENT_TIMESTAMP ON UPDATE CURRENT_TIMESTAMP"
    },
    {
      "table": "user_roles",
      "column": "updated_at",
      "action": "added",
      "sql": "ALTER TABLE `user_roles` ADD COLUMN `updated_at` TIMESTAMP DEFAULT CURRENT_TIMESTAMP ON UPDATE CURRENT_TIMESTAMP"
    }
  ]
}